{"dataURL":"file:\/\/\/Users\/woojinchoi\/Desktop\/choiwoojin\/%E1%84%80%E1%85%A2%E1%84%87%E1%85%A1%E1%86%AF%E1%84%80%E1%85%A9%E1%86%BC%E1%84%87%E1%85%AE\/flower_photos\/","id":"6504D9DF-7A8C-4974-93AC-CCACB85D9319","createdDate":"2023-04-04T10:09:26Z","title":"flower_photos","modifiedDate":"2023-04-04T10:11:02Z","preferredFilename":"flower_photos","version":"1.0","dataResult":{"dataURL":"file:\/\/\/Users\/woojinchoi\/Desktop\/choiwoojin\/%E1%84%80%E1%85%A2%E1%84%87%E1%85%A1%E1%86%AF%E1%84%80%E1%85%A9%E1%86%BC%E1%84%87%E1%85%AE\/flower_photos\/","createdDate":"2023-04-04T10:09:26Z","dataSourceID":"6504D9DF-7A8C-4974-93AC-CCACB85D9319"},"activityEntities":["dataSourceMetrics",[{"id":"54F43A21-F310-4C68-8A91-BB9F8D779AD9","title":"Data Summary","createdDate":"2023-04-04T10:11:02Z","event":"dataSourceMetrics","subtitle":"5 Classes, 3,670 Items"}],"dataSourceCreated",[{"id":"0D3F9417-9F68-477B-BA3C-3EB3F26A435F","title":"Data Source Created","createdDate":"2023-04-04T10:09:26Z","event":"dataSourceCreated","subtitle":"flower_photos"}],"dataSourceTrainingStarted",[{"id":"14828AE1-34E5-4385-93E3-8921EC7E5F26","title":"Used By","createdDate":"2023-04-04T10:11:02Z","event":"dataSourceTrainingStarted","subtitle":"MyImageClassifier 1"}]],"pathType":0,"experimentIDs":["9BEA8282-4492-4AFA-A4B5-B37CE39E67F3"]}